Name,Start Date,End Date
AI Hacks,2019-04-18,2019-04-21
Agent: Hacker,2022-06-25,2022-06-28
Agent: Hacker 2,2019-09-08,2019-09-11
Aye aye Hackers,2020-09-18,2020-09-20
Back to Hacking,2022-07-09,2022-07-12
BackyardHacks,2020-05-22,2020-05-24
BeagleHacks,2019-09-06,2019-09-09
Bon Hackétit,2020-09-11,2020-09-13
Bon Hackétit 2.0,2022-07-30,2022-08-02
CorgiHacks,2021-03-05,2021-03-07
Data Day Grind,2020-06-27,2020-06-28
DeepDiveHacks,2019-04-26,2019-04-29
Design-a-thon,2023-10-02,2023-10-05
Do-Re-Mi Hacks,2020-11-13,2020-11-15
Do-Re-Mi Hacks 3,2023-09-26,2023-09-29
EduHacks,2019-04-17,2019-04-20
FinHack,2022-03-26,2022-03-26
FinHack 2,2023-09-29,2023-10-02
First Day Back Hacks,2020-09-04,2020-09-06
GardenHacks,2022-05-28,2022-05-31
Give Back Hacks,2020-11-20,2020-11-22
Give Back Hacks 2.0,2022-07-16,2022-07-19
Give Back Hacks 3,2019-09-12,2019-09-15
Hack APAC,2021-01-29,2021-01-31
Hack Around the World,2022-06-11,2022-06-14
Hack At Home II,2022-04-09,2022-04-12
Hack From The Past,2021-03-26,2021-03-28
Hack Girl Summer,2020-06-19,2020-06-21
Hack Your Portfolio,2021-01-22,2021-01-24
Hack and Snack,2019-04-24,2019-04-27
Hack and Wellness,2021-02-19,2021-02-21
Hack and Wellness 2,2019-09-03,2019-09-06
Hack at Home,2020-05-02,2020-05-03
Hack from the Past 2,2023-09-24,2023-09-27
Hack or Treat 2,2019-09-07,2019-09-10
Hack or Treat?,2020-10-30,2020-11-01
Hack the Chain,2020-05-16,2020-05-17
Hack-O-Lantern,2022-06-18,2022-06-21
Hack-cade 2,2019-09-09,2019-09-12
Hack-ccessible,2022-04-02,2022-04-05
Hack-on-chain,2023-09-30,2023-10-03
HackFit,2022-07-02,2022-07-05
HackGirlSummer 2.0,2022-05-14,2022-05-17
"HackItShipIt: 20,000 Summer Leagues Under the Sea",2020-07-17,2020-07-19
Hackcade,2022-05-07,2022-05-10
Hackcation,2020-07-03,2020-07-05
Hackcoming,2022-07-23,2022-07-26
Hackcoming 2,2019-09-11,2019-09-14
Hackcon,2020-08-22,2020-08-23
Hackers of the Galaxy,2021-02-26,2021-02-28
Hacklarious,2020-05-09,2020-05-10
Hackrithmitic,2020-10-16,2020-10-18
Hacks and Crafts,2020-11-06,2020-11-08
Hacks and Crafts 2,2023-09-27,2023-09-30
Hackthrob,2021-02-12,2021-02-14
Hacktoon 2,2022-09-03,2022-09-06
Hacky Birthday MLH!,2020-07-25,2020-07-26
Hacky New Year!,2023-10-03,2023-10-06
Hacky Winterland,2022-08-13,2022-08-16
Hacky Winterland 2,2019-04-19,2019-04-22
HarvestHacks,2019-09-10,2019-09-13
HeroHacks,2020-10-02,2020-10-04
HibernationHacks,2022-08-27,2022-08-30
Holiday Hacks,2020-12-25,2020-12-27
HoudiniHacks,2022-04-16,2022-04-19
Impractical Hackers,2021-02-05,2021-02-07
Impractical Hackers 2,2019-04-21,2019-04-24
LHD Build,2021-01-15,2021-01-17
LHD Learn Placeholder,2020-10-24,2020-10-25
"Lights, Camera, Hacktion!",2020-10-10,2020-10-11
MapHacks,2022-08-06,2022-08-09
Mental Health Hacks,2022-04-30,2022-05-03
Neighborhood Hacks,2022-04-23,2022-04-26
Neighborhood Hacks 2,2023-09-25,2023-09-28
"New Friends, New Hacks",2020-09-26,2020-09-27
New Year New Hack,2021-01-01,2021-01-03
"New hack, who this?",2020-07-10,2020-07-12
NotUniversity Hacks,2020-06-06,2020-06-07
PrideHacks,2022-06-04,2022-06-07
RoboHacks 2,2019-09-05,2019-09-08
Roll for Hacking,2020-08-07,2020-08-09
RookieHacks,2020-05-29,2020-05-31
Same Home Different Hacks,2020-06-12,2020-06-14
"See You Later, Hackulator",2022-08-20,2022-08-23
"See You Later, Hackulator 2",2019-04-20,2019-04-23
Shark Hacks 4,2019-04-23,2019-04-26
SharkHacks,2020-12-04,2020-12-06
Slam Dunk Hacks 2,2019-09-04,2019-09-07
Snakes and Hackers,2021-01-08,2021-01-10
Suns Out Hacks Out,2020-08-29,2020-08-30
Support-a-thon,2023-10-01,2023-10-04
SurfsUpHacks,2022-05-21,2022-05-24
SustainHacks,2019-09-13,2019-09-16
Teacher's Hack 2,2019-04-22,2019-04-25
The Second H-Act,2021-03-19,2021-03-21
Thehacktrical 2,2023-09-28,2023-10-01
Tidy the Hack Up,2021-03-12,2021-03-14
To the Moon and Hack,2020-07-31,2020-08-02
Who done It Hacks?,2020-12-11,2020-12-13
Who wants to be a hackionaire?,2020-11-27,2020-11-29
Winter Hacklympics,2020-12-18,2020-12-20
YeeHaw Hacks,2020-08-14,2020-08-16
YeeHaw Hacks 2,2019-04-25,2019-04-28
